{
  "stage2": {
    "loss": [
      0.7947317957878113,
      0.48527613282203674,
      0.3206002712249756,
      0.28271520137786865,
      0.26534682512283325,
      0.2518032491207123,
      0.2414536327123642,
      0.23124325275421143,
      0.22251403331756592,
      0.21437124907970428,
      0.2085152119398117,
      0.20224256813526154,
      0.19693195819854736,
      0.19190223515033722,
      0.18748724460601807,
      0.18369129300117493,
      0.18118499219417572,
      0.17665047943592072,
      0.17310073971748352,
      0.17063835263252258,
      0.16393254697322845,
      0.16218680143356323,
      0.1606111079454422,
      0.15917299687862396,
      0.15835775434970856,
      0.1570163369178772
    ],
    "mean_absolute_error": [
      0.553261935710907,
      0.4683794677257538,
      0.39519447088241577,
      0.3740365207195282,
      0.36348503828048706,
      0.35517916083335876,
      0.34892478585243225,
      0.3427436053752899,
      0.3371637165546417,
      0.3318202793598175,
      0.3274984359741211,
      0.3230700194835663,
      0.31924474239349365,
      0.3157350420951843,
      0.3127811849117279,
      0.31010326743125916,
      0.3076271712779999,
      0.30468297004699707,
      0.30186209082603455,
      0.2997506558895111,
      0.29531195759773254,
      0.2934364676475525,
      0.2929324805736542,
      0.29168832302093506,
      0.29084616899490356,
      0.2899823486804962
    ],
    "root_mean_squared_error": [
      0.8062472939491272,
      0.6564868092536926,
      0.546410322189331,
      0.5171529054641724,
      0.5029627084732056,
      0.49130645394325256,
      0.48259854316711426,
      0.47356170415878296,
      0.4660119414329529,
      0.45841139554977417,
      0.4522686004638672,
      0.44671139121055603,
      0.440870076417923,
      0.43595266342163086,
      0.43174993991851807,
      0.427849680185318,
      0.42465874552726746,
      0.4201129376888275,
      0.4163263142108917,
      0.4132714569568634,
      0.4059928357601166,
      0.40388450026512146,
      0.4020742177963257,
      0.4009574055671692,
      0.39955583214759827,
      0.3981727957725525
    ],
    "val_loss": [
      0.6366173624992371,
      0.3893643021583557,
      0.3172134459018707,
      0.3035697340965271,
      0.29421335458755493,
      0.289043664932251,
      0.28543156385421753,
      0.28442785143852234,
      0.2815103232860565,
      0.2778676152229309,
      0.27691924571990967,
      0.2751747965812683,
      0.2736423909664154,
      0.27288421988487244,
      0.2801291346549988,
      0.2781239449977875,
      0.2784249782562256,
      0.27851602435112,
      0.28280332684516907,
      0.2771768569946289,
      0.2775506377220154,
      0.2836722731590271,
      0.2843239903450012,
      0.2814643681049347,
      0.28090545535087585,
      0.2807604968547821
    ],
    "val_mean_absolute_error": [
      0.5405588150024414,
      0.44108492136001587,
      0.3941451907157898,
      0.3884458839893341,
      0.38511404395103455,
      0.378434419631958,
      0.37492501735687256,
      0.375856876373291,
      0.3756588399410248,
      0.3742566704750061,
      0.36992472410202026,
      0.37209710478782654,
      0.36934545636177063,
      0.3670055866241455,
      0.3733726739883423,
      0.3727324306964874,
      0.37393131852149963,
      0.3739539384841919,
      0.3786925673484802,
      0.3750782907009125,
      0.3740980327129364,
      0.3785167634487152,
      0.37804093956947327,
      0.37825995683670044,
      0.37413501739501953,
      0.37704989314079285
    ],
    "val_root_mean_squared_error": [
      0.7978830337524414,
      0.6239905953407288,
      0.563217043876648,
      0.5509716272354126,
      0.5424143671989441,
      0.5376278162002563,
      0.5342579483985901,
      0.5333178043365479,
      0.5305754542350769,
      0.5271314978599548,
      0.5262311697006226,
      0.5245710611343384,
      0.5231083631515503,
      0.5223832130432129,
      0.5292722582817078,
      0.5273745656013489,
      0.5276598930358887,
      0.5277461409568787,
      0.5317925214767456,
      0.5264759063720703,
      0.5268307328224182,
      0.5326089262962341,
      0.5332204103469849,
      0.5305321216583252,
      0.530005156993866,
      0.5298683643341064
    ],
    "learning_rate": [
      0.0003000000142492354,
      0.0003000000142492354,
      0.0003000000142492354,
      0.0003000000142492354,
      0.0003000000142492354,
      0.0003000000142492354,
      0.0003000000142492354,
      0.0003000000142492354,
      0.0003000000142492354,
      0.0003000000142492354,
      0.0003000000142492354,
      0.0003000000142492354,
      0.0003000000142492354,
      0.0003000000142492354,
      0.0003000000142492354,
      0.0003000000142492354,
      0.0003000000142492354,
      0.0003000000142492354,
      0.0003000000142492354,
      0.0003000000142492354,
      0.0001500000071246177,
      0.0001500000071246177,
      0.0001500000071246177,
      0.0001500000071246177,
      0.0001500000071246177,
      0.0001500000071246177
    ]
  }
}